road,tract
0,0
0,0
0,0
0,0
1,0
3,1
3,1
3,1
3,1
5,1
3,1
3,1
6,0
3,1
3,1
5,1
3,1
3,1
5,2
7,0
6,0
3,1
3,1
3,2
8,0
9,0
3,1
3,2
3,1
3,1
5,2
11,2
10,2
13,0
15,0
15,0
16,0
3,1
5,3
17,2
3,2
18,0
5,0
15,0
8,0
5,0
3,1
3,1
17,2
21,0
20,0
21,0
5,0
5,0
5,0
5,0
5,0
5,0
19,0
5,0
5,0
5,0
3,0
3,0
20,0
20,0
20,0
20,0
5,0
22,0
5,0
5,0
5,0
3,0
3,0
3,0
3,0
23,2
3,0
5,0
3,0
22,0
5,0
5,0
5,0
5,0
5,0
5,0
3,0
3,0
3,3
24,2
3,0
5,0
5,0
3,0
3,2
18,2
22,0
5,0
5,0
25,2
3,0
3,2
26,2
24,2
27,2
5,3
24,2
27,2
23,2
28,2
3,2
25,2
3,2
24,2
18,2
23,2
24,2
25,2
18,2
5,3
30,4
29,4
23,2
29,4
24,2
25,2
29,4
29,4
3,4
31,2
23,2
24,2
25,2
29,4
32,2
29,4
33,4
23,5
24,2
29,4
29,4
23,5
24,2
18,2
29,4
14,4
23,4
18,2
3,6
23,4
18,2
3,4
29,4
23,4
26,2
18,2
34,0
34,0
30,4
23,4
34,0
29,5
29,5
34,0
3,6
30,4
23,4
34,0
29,5
28,2
18,2
35,0
3,6
30,4
36,5
28,2
5,6
23,4
18,2
29,2
35,0
3,6
30,4
3,4
23,4
37,2
37,2
37,2
37,2
18,2
30,4
3,4
23,5
29,5
31,2
5,6
30,4
23,4
29,5
31,2
18,2
29,5
29,5
31,2
18,2
30,4
38,4
38,4
5,4
29,5
31,2
18,2
3,6
29,5
31,2
38,4
3,4
29,5
29,5
18,2
39,2
30,4
38,4
39,2
40,0
5,6
30,4
3,4
23,5
29,2
29,2
39,2
38,4
38,4
23,5
39,2
5,4
38,4
18,5
29,2
33,4
38,4
41,8
30,4
33,4
38,4
41,8
42,2
5,9
38,5
41,8
42,2
30,4
23,5
38,5
38,5
18,5
41,8
44,9
5,4
23,5
38,5
38,5
41,8
35,7
30,4
33,4
23,5
38,5
18,5
42,8
41,8
5,9
23,5
38,5
38,5
46,5
41,8
30,4
3,4
23,5
18,5
41,8
30,4
47,4
23,5
38,5
42,8
41,8
30,4
48,4
38,5
38,5
41,8
35,7
30,4
23,5
39,2
47,4
38,5
38,5
41,8
49,5
38,5
38,5
18,5
41,8
23,5
49,5
38,5
41,8
39,2
51,9
30,4
52,4
33,4
23,5
38,5
38,5
18,5
53,10
23,5
49,5
38,5
41,8
52,4
33,4
18,5
41,8
39,2
30,10
53,10
23,5
18,5
38,8
41,8
35,11
51,9
38,8
41,8
30,10
23,5
49,5
18,5
38,8
41,8
39,2
30,10
23,5
54,5
54,5
38,8
41,12
30,10
18,5
42,8
38,8
56,11
5,9
30,10
23,5
18,5
55,12
41,12
23,5
38,8
55,12
41,12
39,2
30,10
5,10
23,5
18,5
55,12
41,12
57,2
58,5
58,5
38,8
41,12
39,2
5,9
30,10
23,10
58,5
55,12
41,12
56,11
30,10
23,10
58,5
58,5
18,5
41,12
39,11
30,10
5,10
23,10
58,5
18,5
41,12
57,2
39,11
23,10
45,5
58,5
18,5
60,8
55,12
41,12
5,9
5,10
23,10
58,5
61,12
41,12
62,11
30,10
23,10
58,5
18,5
60,8
55,12
61,12
57,2
35,11
58,5
18,5
60,8
55,12
38,12
61,12
41,12
30,10
23,10
18,5
60,8
38,12
39,2
30,10
64,10
23,10
65,13
58,5
18,5
60,8
55,12
38,12
38,12
41,12
57,2
30,10
64,10
23,10
58,5
18,5
39,11
23,10
18,5
38,12
41,12
23,10
65,13
58,5
58,5
55,12
57,2
39,11
23,10
58,5
55,12
41,12
57,2
62,2
39,11
39,11
30,10
18,8
58,8
55,12
62,2
39,11
30,10
23,10
18,8
58,8
58,8
41,12
23,10
58,8
55,12
41,12
62,2
39,11
64,10
66,10
65,13
58,8
55,12
41,12
39,11
39,11
30,10
33,10
23,10
18,8
58,8
55,12
41,12
62,2
68,11
66,10
42,8
58,8
55,12
41,12
62,2
68,11
5,14
30,10
33,10
23,10
18,8
42,8
58,8
58,8
41,12
62,2
68,11
69,16
30,10
67,10
59,13
65,13
18,8
58,8
55,12
41,12
71,2
72,2
73,16
74,16
74,15
64,10
23,10
18,8
42,8
58,8
70,12
41,17
71,2
71,2
72,2
30,10
23,10
18,8
42,8
75,8
58,8
55,12
41,17
71,2
71,2
68,11
23,10
42,8
58,8
55,12
70,12
41,17
71,2
72,2
68,11
73,16
30,10
23,10
65,13
18,8
42,8
58,8
41,17
71,2
72,2
76,10
18,8
58,8
55,12
70,12
41,17
71,2
72,2
72,11
30,10
23,10
18,8
42,8
75,8
58,8
70,12
41,17
77,11
72,11
72,11
73,16
66,10
78,10
78,13
59,13
18,8
55,12
58,12
41,17
71,2
72,11
30,10
23,10
78,13
18,8
42,8
75,8
58,12
70,12
41,17
71,2
72,11
72,11
35,11
80,16
69,16
30,10
23,10
18,8
42,8
55,12
58,12
41,17
79,11
73,16
74,15
78,13
42,8
58,12
58,12
70,12
71,17
41,17
79,11
74,15
30,10
23,10
18,8
42,8
75,8
55,12
58,12
57,12
70,12
71,17
41,17
74,15
74,15
30,10
23,10
78,13
18,8
55,12
81,12
58,12
58,12
70,12
41,17
79,11
35,11
69,16
30,10
76,10
23,10
18,8
58,12
70,12
71,17
41,17
79,11
30,10
76,10
23,10
78,13
18,8
58,12
79,11
69,16
3,14
78,13
42,8
58,12
58,12
70,12
41,17
73,16
69,16
82,15
74,15
30,10
23,10
78,13
18,8
42,8
55,12
58,12
71,17
77,11
79,11
35,11
82,15
65,13
58,12
70,12
71,17
41,17
79,11
30,10
3,10
23,10
59,13
65,13
78,13
18,8
42,8
58,12
58,12
70,12
71,17
83,17
84,11
84,11
79,11
68,11
85,16
86,10
87,10
23,10
78,13
18,8
55,12
70,12
83,17
41,17
84,11
87,10
87,10
30,10
3,10
23,10
78,13
78,8
42,8
58,12
83,17
84,11
79,11
86,10
87,10
23,10
42,8
55,12
58,17
71,17
83,17
79,11
35,11
87,10
42,8
70,12
71,17
83,17
84,11
79,11
30,10
23,10
18,8
42,8
55,12
70,12
71,17
83,17
41,17
84,11
73,16
86,10
87,10
23,10
55,12
58,17
58,17
79,11
84,11
35,11
73,16
30,10
87,10
87,10
23,10
65,13
18,8
42,8
55,12
70,12
71,17
58,17
83,17
79,11
84,11
84,11
5,19
87,10
23,10
65,13
18,8
58,17
83,17
79,11
84,11
87,10
3,10
65,13
18,8
42,8
70,12
71,17
83,17
35,11
84,11
84,11
5,19
86,10
89,10
87,10
87,10
23,10
76,13
18,8
70,12
71,17
58,17
83,17
79,11
35,11
84,11
84,11
5,19
86,10
89,10
33,10
87,10
90,10
5,10
23,10
76,8
42,8
58,17
58,17
41,17
79,11
35,11
84,11
84,11
91,16
3,19
5,19
88,10
33,10
90,10
87,10
23,10
65,13
18,8
76,8
76,8
42,8
55,12
70,12
83,17
58,17
84,11
87,10
87,10
23,10
18,8
76,8
76,8
55,12
70,12
71,17
58,17
41,17
79,11
35,11
84,11
92,18
87,10
23,10
18,8
76,8
42,8
55,12
70,12
71,17
58,17
79,11
35,11
84,11
5,19
86,10
89,10
87,10
87,20
65,13
18,8
76,8
76,8
41,17
79,11
35,11
84,21
84,21
89,10
94,10
87,20
18,8
76,8
76,8
41,17
68,11
84,21
84,21
96,18
93,10
94,10
97,10
23,10
87,20
65,13
18,8
42,8
76,8
76,8
55,12
70,12
99,17
41,17
35,11
84,21
5,19
93,10
89,10
88,10
94,10
23,10
87,20
42,8
76,8
55,12
71,17
98,17
41,17
35,11
100,21
5,19
96,18
96,18
92,18
93,10
23,10
87,20
18,8
76,8
76,8
55,12
99,17
41,17
35,11
68,11
84,21
5,19
86,10
23,10
87,20
87,20
18,8
76,8
76,8
70,12
83,17
98,17
41,17
93,10
101,10
102,10
87,20
65,13
76,8
76,8
55,12
70,12
98,17
99,17
35,11
84,21
84,21
96,18
88,10
23,10
87,20
65,13
18,8
42,8
76,8
70,12
71,17
98,17
99,17
41,17
35,11
103,21
84,21
5,19
86,10
93,10
23,10
87,20
87,20
76,12
70,12
83,17
99,17
58,17
35,11
103,21
84,21
5,19
96,18
92,18
93,10
23,10
65,20
87,20
18,8
42,8
55,12
99,17
41,17
84,21
84,21
5,19
96,18
86,10
97,10
23,10
87,20
87,20
55,12
76,12
70,12
71,17
99,17
79,17
58,17
58,11
84,21
5,19
93,10
87,20
18,8
42,8
55,12
76,12
76,12
70,12
41,17
35,11
68,11
84,21
5,19
101,10
23,10
87,20
87,20
18,8
55,12
76,12
76,12
99,17
41,22
105,21
84,21
84,21
5,24
5,24
92,18
93,10
101,10
101,10
23,10
87,8
42,8
76,12
71,17
99,17
35,22
41,22
84,21
84,21
3,19
5,24
96,18
101,10
23,10
18,20
87,8
87,8
42,8
55,12
70,12
98,17
41,22
107,11
84,21
5,24
106,18
93,10
23,10
87,8
76,12
57,12
70,12
71,17
83,17
99,17
35,22
84,23
110,10
93,10
102,10
18,20
87,8
87,8
42,8
55,12
76,12
76,12
70,12
71,17
99,17
35,22
41,22
68,11
107,11
105,21
109,23
84,23
3,24
111,10
93,10
97,10
23,10
18,20
87,8
55,12
76,12
98,17
99,17
35,22
41,22
107,21
109,23
113,18
96,18
110,10
93,10
23,10
18,20
87,8
87,8
55,12
76,12
76,12
70,12
71,17
99,17
35,22
41,22
68,11
107,21
5,24
113,18
86,10
114,10
110,10
23,10
87,8
55,12
76,12
76,12
70,12
41,22
68,22
107,21
5,24
115,10
93,10
115,10
23,10
18,20
87,8
76,17
76,17
99,22
68,22
112,21
105,21
109,23
116,23
84,23
3,24
111,10
18,20
87,8
87,8
55,12
70,12
76,17
71,17
99,22
112,21
107,21
105,21
109,23
84,23
86,10
23,10
87,8
55,12
70,12
76,17
76,17
98,17
35,22
112,21
107,21
116,23
84,23
5,24
111,10
97,10
23,10
18,20
117,25
87,8
55,12
76,17
83,17
35,22
41,22
107,21
107,21
116,23
118,23
84,23
5,24
113,10
96,10
97,10
87,8
87,8
55,12
76,17
76,17
83,17
107,21
109,23
118,23
93,10
111,10
23,10
18,20
87,8
55,12
70,12
76,17
98,17
35,22
107,21
105,21
109,23
116,23
84,23
91,27
86,10
18,20
87,8
87,12
71,17
76,17
76,17
83,17
98,17
41,22
103,21
107,21
109,23
116,23
118,23
88,10
97,10
87,12
87,12
70,12
71,17
35,22
41,22
107,21
118,23
84,23
89,10
23,10
55,28
87,12
70,12
76,17
76,17
98,17
35,22
41,21
107,21
105,21
109,23
116,23
97,10
55,28
87,12
87,12
71,17
76,17
98,17
35,22
116,23
118,23
84,23
125,27
86,10
93,10
96,10
121,10
65,20
18,20
117,25
55,28
87,12
87,12
70,12
71,17
76,17
35,22
126,22
103,21
107,23
107,23
107,23
109,23
118,23
86,10
121,20
65,20
18,20
55,28
87,12
81,12
76,17
79,17
107,23
116,23
118,23
84,29
127,26
89,10
122,10
121,20
87,12
87,12
71,17
98,17
35,22
107,23
107,23
116,23
118,23
122,10
18,20
117,25
55,28
87,12
70,12
71,17
35,22
109,23
107,23
107,23
116,23
118,23
129,24
111,10
121,20
130,28
87,12
87,12
70,12
76,17
79,17
35,22
103,21
107,23
107,23
118,23
122,10
87,12
87,12
71,17
76,17
35,22
41,21
107,23
107,23
116,23
122,10
121,20
55,28
87,12
70,12
41,21
109,23
107,23
118,23
122,10
121,20
65,20
18,20
55,28
131,28
87,12
87,12
70,12
98,17
76,17
35,22
41,21
107,23
107,23
118,23
127,26
121,20
131,31
87,12
87,12
76,17
41,22
116,23
132,24
121,20
18,20
117,25
131,31
87,12
70,12
71,17
35,22
76,22
76,22
133,21
116,23
107,23
118,23
18,20
55,28
87,17
87,17
35,22
76,22
126,22
109,23
119,10
122,10
121,20
42,25
55,28
131,31
87,17
87,17
71,17
98,17
76,22
116,23
127,26
3,24
86,10
111,10
122,10
134,20
65,20
18,20
55,28
131,31
87,17
87,17
71,17
79,17
35,22
76,22
41,21
116,23
118,23
86,10
111,10
122,10
121,20
55,28
131,31
87,17
35,22
109,23
118,23
89,10
55,28
131,31
87,17
87,17
76,22
135,22
118,23
86,10
65,20
18,25
136,28
87,17
87,17
35,22
126,22
116,23
138,32
89,10
117,25
136,28
131,31
87,17
87,17
83,17
35,22
76,22
116,23
118,23
139,10
139,10
122,10
117,25
55,28
136,28
131,31
87,17
98,17
76,22
76,22
140,22
109,23
141,33
138,32
139,10
122,10
136,28
131,31
87,17
87,17
35,22
76,22
76,22
135,22
122,10
65,20
121,25
117,25
55,28
87,17
87,17
35,22
126,22
76,22
109,23
116,23
118,23
127,33
132,24
93,10
89,10
142,10
18,25
121,25
55,28
87,17
98,17
126,22
76,22
118,23
127,33
127,33
111,10
55,28
136,28
136,28
87,17
87,17
79,17
35,22
126,22
76,22
76,22
135,22
41,21
109,23
116,23
143,33
139,10
142,10
18,25
42,25
121,25
131,31
87,17
87,17
79,17
35,22
126,22
76,22
41,21
109,23
116,23
118,23
127,33
138,32
65,20
117,25
136,28
131,31
87,17
87,17
79,17
126,22
76,22
132,24
122,10
18,25
121,28
136,28
131,31
87,17
79,17
35,22
126,22
135,22
116,23
139,10
55,28
121,28
136,28
131,31
131,31
87,17
87,17
35,22
76,22
41,23
109,23
116,23
118,23
144,29
145,33
138,32
122,10
18,25
55,28
131,28
87,17
87,17
109,23
133,23
133,23
127,33
132,24
139,10
89,10
122,10
55,28
121,28
131,28
87,17
87,17
35,22
41,23
116,23
129,24
3,24
139,10
111,10
122,10
55,28
87,17
35,22
76,22
109,22
41,23
129,24
3,24
142,10
146,10
146,25
146,25
18,25
117,25
121,28
131,28
87,34
87,34
76,22
109,22
41,22
41,23
116,23
118,23
127,33
139,10
111,10
146,25
146,25
121,28
131,28
35,34
87,34
87,34
126,22
109,22
41,23
129,24
89,10
122,10
18,25
146,25
55,28
121,28
131,28
35,34
87,34
76,22
76,22
109,22
41,22
41,23
116,23
127,33
129,24
5,32
139,10
89,10
18,25
146,25
55,28
121,28
131,28
87,34
126,22
76,22
41,23
116,23
118,23
133,29
127,33
148,32
111,10
122,10
146,25
55,28
121,28
35,34
87,34
87,34
126,22
76,22
109,22
41,23
118,23
133,29
139,10
150,10
146,25
146,25
55,28
131,28
35,34
87,34
87,34
126,22
109,22
116,22
89,10
149,10
42,25
146,25
117,25
131,28
87,34
87,34
126,22
76,22
116,22
41,23
118,23
144,29
89,10
111,10
3,10
150,10
42,25
146,25
146,25
117,25
55,28
35,34
87,34
126,22
76,22
109,22
41,23
139,10
89,10
150,10
149,10
42,25
146,25
146,25
55,28
35,34
87,34
87,34
109,22
76,22
116,22
118,22
89,10
142,10
149,10
42,25
146,25
146,25
55,28
131,28
87,34
87,34
76,22
116,22
151,35
86,18
139,10
142,10
149,10
146,25
146,25
131,28
35,34
87,36
87,36
109,22
76,22
116,22
118,22
154,35
151,35
89,10
111,10
149,10
42,25
146,25
55,28
155,34
87,36
76,22
157,37
157,37
150,10
149,10
42,25
146,25
55,28
131,28
126,34
87,36
87,36
109,22
76,22
157,37
127,33
18,10
89,10
142,10
42,25
117,25
131,28
35,34
87,36
87,36
109,22
76,22
76,22
127,33
93,18
18,10
42,25
55,28
146,28
35,34
126,34
87,36
87,36
76,22
76,22
118,22
158,35
127,33
139,10
149,10
55,28
146,28
131,28
87,36
109,22
76,22
76,22
118,22
157,37
157,37
157,37
89,10
146,28
131,28
35,34
126,34
87,36
87,36
109,22
76,22
18,10
149,10
146,28
35,34
126,34
87,36
87,36
127,35
18,10
159,10
146,28
131,28
35,34
126,34
87,36
87,36
109,22
161,37
127,35
18,10
89,10
149,10
117,25
160,28
146,28
146,28
131,28
35,34
126,34
155,36
87,36
87,36
128,18
18,10
89,10
55,28
160,28
146,28
131,28
35,34
162,34
162,34
126,34
87,36
109,22
18,10
89,10
149,25
117,25
163,28
146,28
35,34
87,36
87,36
109,22
164,22
161,37
127,35
89,10
111,10
149,10
160,28
146,39
35,34
87,36
87,36
87,36
127,35
18,10
131,39
146,39
146,39
87,36
87,36
89,10
149,10
55,28
131,39
146,39
146,39
146,39
35,34
162,34
109,36
87,36
161,37
89,10
117,10
149,25
55,28
146,39
146,39
35,34
109,36
87,36
87,36
149,10
160,28
146,39
146,39
146,39
165,31
165,39
35,34
87,36
147,18
18,10
89,10
163,28
146,39
146,39
146,39
166,31
35,34
109,36
87,36
87,36
87,36
18,10
89,10
149,25
55,28
167,39
146,39
146,39
166,31
109,36
87,36
87,36
87,36
133,37
89,10
160,28
163,28
169,39
146,39
146,39
166,31
35,34
170,34
126,34
87,36
87,36
89,10
111,10
149,25
55,28
146,39
146,39
146,39
35,34
87,36
87,22
172,18
89,10
111,10
149,10
55,28
163,28
163,39
169,39
146,39
146,39
146,39
166,31
109,36
164,36
87,22
87,22
18,10
173,25
146,39
146,39
166,31
155,36
155,36
155,36
87,22
87,22
161,37
18,10
89,10
89,10
111,10
149,10
173,25
173,28
160,28
167,39
146,39
146,39
87,22
87,22
174,29
163,39
163,39
146,39
146,39
35,34
87,22
87,22
87,29
41,29
159,10
111,10
149,25
163,39
146,39
146,39
146,39
35,34
109,36
174,29
87,29
87,29
87,29
41,29
89,10
55,28
166,39
146,39
146,39
35,34
109,36
155,36
155,36
87,29
87,29
87,29
89,10
111,10
55,28
176,28
146,39
146,39
146,39
109,36
155,36
155,36
41,29
161,37
172,18
18,18
89,10
55,10
178,18
146,39
146,39
179,36
41,29
89,10
111,10
178,18
160,28
169,39
163,39
35,34
146,34
146,34
126,34
109,36
179,36
41,29
181,10
178,18
160,28
163,39
166,39
35,34
146,34
146,34
146,34
109,36
179,36
41,29
41,29
161,37
178,18
160,28
131,39
167,39
163,39
35,34
182,36
109,36
41,29
172,18
181,18
160,28
167,39
163,39
163,39
146,34
146,34
146,34
182,36
182,36
41,29
172,18
178,18
160,28
167,39
163,39
35,34
146,34
146,34
109,36
179,36
41,37
163,39
35,34
146,34
146,34
109,36
182,36
179,36
161,40
41,37
181,18
184,18
184,28
169,39
163,39
35,34
146,34
146,34
109,36
182,36
182,36
182,36
172,18
111,18
184,28
160,28
167,39
35,34
146,34
182,36
182,36
172,18
181,18
186,41
186,28
184,28
184,28
167,39
163,39
163,39
163,39
146,34
146,34
146,34
182,36
182,36
181,18
184,28
35,34
163,34
163,34
163,34
185,34
146,34
146,34
184,28
184,28
35,34
163,34
163,34
185,34
187,34
109,36
188,40
181,18
184,28
184,28
184,28
131,39
35,34
163,34
163,34
185,34
188,40
181,18
178,18
184,39
184,39
184,39
167,39
35,34
163,34
163,34
109,36
189,36
161,40
181,18
178,18
184,39
184,39
184,39
167,39
190,34
163,34
163,34
163,34
188,40
111,18
178,18
184,39
184,39
184,39
167,39
35,34
163,34
185,34
178,18
184,39
184,39
184,39
35,34
163,34
163,34
181,18
178,18
184,39
184,39
35,34
163,34
109,36
161,40
188,40
117,10
184,39
184,39
184,39
176,39
35,34
190,34
163,34
163,34
109,36
188,40
181,18
184,39
191,39
191,39
176,34
163,34
163,34
126,36
178,18
184,41
191,39
35,39
126,36
188,40
181,18
35,39
192,36
192,36
178,18
35,39
187,34
126,36
188,40
111,18
184,41
126,36
109,36
182,40
182,40
184,41
190,42
109,36
188,40
35,39
193,36
193,36
182,40
178,18
184,41
35,39
193,36
193,36
109,36
161,40
184,41
191,39
35,39
190,42
187,34
109,36
182,40
188,40
184,41
191,42
191,42
176,34
126,36
193,36
193,36
109,36
188,40
184,41
191,42
191,42
194,42
182,40
181,18
184,41
35,41
191,42
191,42
190,42
109,36
188,40
195,18
184,41
166,41
35,41
191,42
191,42
191,42
109,36
182,40
182,40
188,40
181,18
196,18
184,41
35,41
191,42
191,42
187,42
109,36
182,40
188,40
184,41
190,42
191,42
188,40
181,18
196,18
184,41
35,41
109,36
182,40
188,40
196,18
35,41
191,42
191,42
187,42
126,36
109,36
188,40
184,41
35,41
191,42
191,42
187,42
126,36
109,36
182,40
182,40
188,40
196,18
195,18
198,18
197,41
197,41
197,42
191,42
191,42
187,42
126,36
182,40
182,40
196,18
197,42
197,42
197,42
190,42
191,42
191,42
126,36
188,40
196,18
184,41
35,41
197,42
197,42
191,42
191,42
109,42
126,43
188,40
196,18
184,41
35,41
197,42
191,42
191,42
191,42
191,42
191,42
191,42
109,42
188,40
35,41
197,42
197,42
187,42
191,42
191,42
191,42
191,42
191,42
191,43
199,40
188,40
181,18
111,18
184,41
35,41
190,42
197,42
197,42
126,43
191,43
188,40
181,18
195,18
198,18
197,42
197,42
109,42
35,41
201,42
197,42
197,42
187,42
109,42
188,40
181,18
196,18
184,41
202,41
35,41
197,42
197,42
187,42
109,42
126,43
188,40
184,41
202,41
202,41
202,45
197,42
187,42
188,40
196,18
184,41
202,45
202,45
202,45
190,42
197,42
197,42
188,40
196,18
198,18
184,41
35,45
202,45
202,45
190,42
197,42
109,42
189,40
188,40
181,18
195,18
184,45
202,45
202,45
187,42
109,42
126,43
188,40
196,18
203,45
202,45
202,45
202,45
197,42
109,42
188,40
35,45
184,45
202,45
202,45
202,45
197,42
181,18
196,18
35,45
184,45
202,45
202,45
204,42
197,42
188,40
181,18
111,18
35,45
202,45
202,45
204,42
197,42
197,42
109,42
126,43
206,43
199,44
188,40
196,18
198,18
202,45
187,42
197,42
197,42
109,42
126,43
206,43
188,40
111,18
35,45
184,45
202,45
202,45
202,45
197,42
197,42
126,43
196,18
35,45
184,45
202,45
202,45
202,45
204,42
197,42
197,42
197,42
197,42
197,43
161,46
188,40
111,18
195,18
207,45
207,45
205,45
208,45
202,45
126,43
197,43
209,44
210,44
188,40
211,48
111,18
196,18
212,41
207,45
207,45
184,45
203,45
202,45
202,45
109,42
126,43
197,43
191,46
210,44
213,47
211,48
195,18
198,18
207,45
207,45
207,45
207,45
214,45
184,45
202,45
202,45
109,42
179,43
191,46
191,46
209,44
188,40
211,48
211,48
181,18
111,18
196,18
207,18
198,45
207,45
207,45
207,45
184,45
205,45
208,45
202,45
216,45
174,43
209,44
209,44
211,48
207,18
196,18
208,45
202,45
217,45
202,45
197,43
161,46
188,44
213,47
207,18
181,49
111,49
196,49
184,45
216,45
217,45
202,45
126,43
206,43
197,43
188,44
211,48
207,18
207,49
181,49
195,49
198,45
184,45
216,45
216,45
109,42
126,43
161,46
188,40
207,18
111,49
198,45
208,45
216,45
216,45
202,45
126,43
197,43
197,43
161,46
188,40
211,48
207,49
181,49
111,49
198,45
184,45
205,45
216,45
216,45
202,45
202,50
206,43
197,46
161,46
209,44
188,40
181,49
196,49
195,49
198,45
184,45
203,45
205,45
216,45
216,45
208,45
217,45
202,50
202,50
126,43
209,44
188,40
213,47
211,48
181,49
198,45
216,45
216,45
109,50
202,50
126,43
209,44
188,40
207,18
111,49
198,45
205,45
216,45
216,45
208,45
109,50
202,50
126,43
197,46
197,46
161,46
188,40
211,48
218,51
218,51
207,18
207,18
181,49
111,49
198,45
184,45
203,45
216,45
216,45
208,45
109,50
202,50
202,50
126,43
197,46
197,46
161,46
188,52
211,48
219,51
218,51
181,49
111,49
198,45
184,45
203,45
216,45
216,45
205,45
208,45
202,50
202,50
126,43
206,43
197,46
197,46
221,52
222,53
219,51
223,51
218,51
218,51
181,49
111,49
195,49
216,45
202,50
202,50
126,43
206,43
197,46
197,54
197,54
221,52
188,52
219,51
219,51
218,51
181,49
111,49
198,45
184,45
203,45
216,45
216,45
205,45
208,45
217,45
109,50
220,50
202,50
202,50
126,42
161,54
197,54
188,52
224,47
211,48
211,55
219,51
218,51
181,49
111,49
88,49
214,45
184,45
216,45
216,45
205,45
208,45
202,50
202,50
126,43
161,54
197,54
188,52
222,53
198,45
184,45
216,45
216,45
109,50
202,50
202,50
206,43
161,54
197,54
221,52
225,47
219,51
181,49
111,49
216,45
205,45
208,45
217,45
109,50
226,50
202,56
202,54
197,54
197,54
188,52
213,47
218,51
184,45
216,45
216,45
205,45
208,45
220,50
226,50
202,54
202,54
174,43
161,54
197,54
197,54
213,47
219,51
181,49
111,49
88,49
195,49
184,45
203,45
205,45
208,45
109,50
228,50
226,50
126,54
202,54
202,54
202,54
174,43
197,54
191,57
225,47
222,53
181,49
111,49
195,49
216,45
184,45
226,50
202,54
202,54
161,54
197,54
197,54
221,52
188,52
213,47
219,51
111,49
198,45
216,45
184,45
205,45
208,45
109,50
228,50
226,50
126,54
202,54
202,54
202,54
197,54
188,52
111,49
198,45
184,45
203,45
205,45
208,45
217,45
228,50
220,50
226,50
126,56
202,54
161,54
191,57
221,52
188,52
219,51
218,59
111,49
184,45
203,45
205,45
217,45
109,50
228,50
220,50
126,54
202,54
202,54
161,54
197,57
225,47
230,51
181,49
111,49
205,45
208,45
231,50
231,50
220,50
226,50
126,56
202,54
202,54
202,54
197,57
197,57
191,44
188,52
218,59
111,49
198,45
184,45
205,45
208,45
231,50
231,50
109,50
228,50
232,56
233,54
202,54
202,54
197,57
191,44
234,52
222,53
219,58
181,49
111,49
198,45
184,45
203,45
205,45
208,45
231,50
231,50
217,50
228,50
226,50
232,56
126,56
202,54
202,54
202,54
197,57
191,44
235,51
218,59
111,49
184,45
231,50
231,50
109,50
217,50
228,50
226,50
202,54
202,54
197,57
197,57
191,44
221,52
225,47
219,58
111,49
203,45
205,45
231,50
231,50
109,50
217,50
228,50
228,50
226,50
126,56
161,54
202,54
202,54
197,57
191,44
188,52
111,49
198,45
184,45
203,45
205,45
231,50
231,50
208,50
109,50
217,50
228,50
226,50
126,54
202,54
202,54
197,57
191,52
188,52
219,58
111,49
198,45
184,45
205,45
231,50
231,50
208,50
109,50
217,50
228,50
126,56
202,54
202,54
197,57
218,59
181,49
111,49
231,50
231,50
208,50
217,50
228,50
226,50
126,54
161,54
202,54
202,54
202,54
197,57
197,57
188,52
224,47
222,53
219,58
181,49
111,49
88,49
184,45
203,45
231,50
231,50
208,50
109,50
228,50
226,50
126,56
202,54
202,54
181,49
203,45
231,50
231,50
205,50
208,50
217,50
226,50
126,54
161,54
202,54
202,54
197,57
188,52
222,53
219,58
218,59
181,49
111,49
198,45
184,45
231,50
231,50
205,50
208,50
208,50
217,50
217,50
237,50
238,56
240,56
240,56
240,56
240,56
240,56
240,56
240,56
240,56
240,56
240,56
240,56
240,56
202,54
202,54
197,57
197,57
188,52
211,60
219,58
111,49
88,49
195,49
203,45
231,50
231,50
205,50
109,50
208,50
208,50
217,50
217,50
237,50
126,54
161,54
202,54
202,57
210,57
188,52
225,47
211,60
181,49
111,49
198,45
184,45
231,50
231,50
205,50
109,50
208,50
208,50
217,50
217,50
237,50
161,54
241,54
202,57
197,44
219,58
111,49
184,45
231,50
231,50
203,50
205,50
109,50
208,50
217,50
237,50
126,54
161,54
241,54
202,57
202,57
188,52
242,58
111,49
231,50
231,50
203,50
205,50
109,50
208,50
217,50
237,50
241,54
202,57
197,44
213,52
188,52
235,51
219,58
242,58
181,49
111,49
88,49
198,45
184,45
231,50
231,50
203,50
109,50
208,50
217,50
237,50
126,54
239,54
241,54
202,57
199,57
197,44
197,44
188,52
225,47
211,60
219,58
242,58
181,49
111,49
184,50
203,50
205,50
109,50
208,50
217,50
126,54
161,54
202,57
199,57
197,52
197,52
181,49
111,49
195,49
184,50
203,50
205,50
208,50
237,50
217,56
126,54
233,54
161,54
241,54
202,57
202,57
221,52
197,52
188,52
211,60
211,60
111,49
88,49
198,45
184,50
203,50
109,50
205,50
208,50
237,50
217,56
126,54
161,54
241,54
202,57
202,57
202,57
221,52
197,52
213,52
211,60
181,49
111,49
88,49
198,45
203,50
205,50
208,50
237,50
217,56
244,56
244,56
244,56
244,56
244,56
244,56
244,54
244,54
244,54
244,54
241,54
199,57
243,57
202,57
202,57
202,57
197,52
197,52
245,52
246,52
211,60
222,53
181,49
111,49
184,50
203,50
109,50
205,50
208,50
237,50
244,56
244,56
244,56
244,56
244,56
244,56
244,56
244,56
244,56
244,56
244,56
244,56
244,54
244,54
244,54
244,54
244,54
244,54
244,54
244,54
244,54
244,54
244,54
244,54
244,54
244,54
244,54
244,54
244,54
244,57
244,57
244,57
244,57
244,57
244,57
244,57
244,57
199,57
243,57
202,57
236,57
197,52
245,52
245,52
188,52
211,60
211,60
235,51
181,49
88,49
195,49
198,45
231,50
184,50
203,50
109,50
205,50
208,50
217,56
247,56
126,54
244,57
244,57
244,57
244,57
244,57
244,57
244,57
244,57
248,57
236,57
202,57
202,57
245,52
211,60
211,60
111,49
88,49
184,50
203,50
109,50
208,50
237,50
217,56
247,56
126,54
248,57
236,57
202,57
202,57
221,52
245,52
225,52
222,53
181,49
111,49
88,49
195,49
198,45
231,50
184,50
203,50
109,50
205,50
205,50
208,50
237,50
217,56
247,56
126,54
248,57
202,57
221,52
213,52
249,52
188,52
211,60
235,51
181,49
88,49
198,45
231,50
184,50
203,50
205,50
205,50
208,50
217,56
247,56
126,54
248,57
202,57
202,57
250,52
251,52
188,52
111,49
198,50
184,50
109,50
203,50
205,50
205,50
237,50
208,56
217,56
126,54
248,57
202,57
202,57
221,52
211,60
222,53
181,49
111,49
88,49
231,49
198,50
184,50
109,50
203,50
205,50
217,56
126,54
236,57
248,57
202,57
202,57
210,57
221,52
188,52
225,52
252,60
211,60
111,49
184,50
109,50
203,50
205,50
237,50
208,56
217,56
247,56
126,54
236,57
248,57
202,57
210,52
202,52
221,52
188,52
225,52
235,51
111,49
88,49
198,50
184,50
109,50
203,50
205,50
237,50
208,56
217,56
247,56
126,54
253,57
253,57
236,57
248,57
248,57
210,52
202,52
202,52
254,52
254,52
231,49
111,49
198,50
184,50
203,50
205,50
237,50
217,56
247,56
126,54
253,57
253,57
248,57
210,52
202,52
202,52
250,52
188,52
254,52
254,52
254,52
181,49
198,50
184,50
109,50
203,50
205,50
237,50
255,56
255,56
255,56
255,56
255,56
255,56
255,56
255,56
255,56
255,56
255,56
255,56
255,56
255,56
255,56
255,56
255,56
255,56
255,56
255,54
255,54
253,57
253,57
236,57
248,57
210,52
202,52
202,52
188,52
231,49
181,49
111,49
88,49
198,50
184,50
109,50
203,50
205,50
217,56
247,56
126,54
255,54
255,54
255,54
255,57
257,57
236,57
248,57
202,52
188,52
252,60
235,51
184,50
109,50
203,50
237,50
205,56
217,56
247,56
126,54
255,57
257,57
257,57
236,57
248,57
202,52
202,52
202,52
258,60
258,60
258,60
231,49
111,49
109,50
184,50
203,50
237,50
205,56
217,56
247,56
126,54
255,54
255,57
248,57
248,57
210,52
202,52
202,52
251,52
258,60
235,51
231,49
181,49
184,50
203,50
237,50
205,56
217,56
247,56
126,54
255,54
257,57
257,57
236,57
248,57
248,57
210,52
213,52
202,52
202,52
258,60
111,49
88,49
109,50
184,50
203,50
237,50
205,56
217,56
247,56
255,57
236,57
248,57
210,52
213,52
202,52
202,52
188,52
211,51
231,49
181,49
109,50
184,50
203,50
203,50
205,56
217,56
247,56
126,54
255,57
255,57
255,57
257,57
257,57
236,57
248,57
210,52
213,52
202,52
188,52
258,60
181,49
111,49
88,49
109,50
184,50
203,50
203,50
237,50
205,56
217,56
247,56
257,57
257,57
248,57
210,52
213,52
202,52
202,52
202,52
251,52
258,60
181,49
111,49
109,50
184,50
203,50
203,50
205,56
217,56
247,56
126,54
256,57
257,57
248,57
213,52
202,52
251,52
258,60
231,49
181,49
198,50
184,50
203,62
203,62
205,56
217,56
247,56
256,57
236,57
257,57
248,57
248,52
202,52
202,52
202,52
259,52
188,52
258,60
231,49
181,49
111,49
198,50
109,50
184,50
184,50
237,62
203,62
205,56
261,56
261,56
261,56
261,56
261,56
261,56
261,56
261,56
261,56
261,56
261,56
261,56
261,56
261,56
261,56
261,56
261,56
126,54
261,54
261,54
261,54
261,54
261,54
261,54
261,54
261,54
261,54
261,54
261,54
261,54
261,54
261,54
261,54
261,54
261,54
256,57
261,57
261,57
261,57
261,57
261,57
236,57
257,57
257,57
248,52
202,52
202,52
231,49
88,49
198,50
184,50
184,50
237,62
203,62
205,56
261,56
247,56
261,57
261,57
261,57
261,57
261,57
261,57
261,57
261,57
261,57
261,57
257,57
248,52
213,52
202,52
188,52
202,52
211,60
198,50
184,50
184,50
237,62
203,62
205,56
261,56
261,56
247,56
126,54
236,57
261,57
261,57
257,57
248,52
213,52
202,52
225,52
202,52
211,60
231,49
198,50
184,50
203,62
205,56
261,56
261,56
247,56
236,57
261,57
257,57
248,52
250,61
202,52
231,49
109,49
111,49
198,50
184,50
237,62
205,56
208,56
261,56
247,56
126,54
236,57
257,57
248,52
248,52
213,52
202,52
202,52
111,49
198,50
184,50
237,62
203,62
205,56
261,56
261,56
247,56
263,54
236,57
264,57
248,52
248,52
202,52
202,52
202,52
266,60
231,49
181,49
111,49
195,49
198,50
184,50
237,62
203,62
205,56
261,56
247,56
126,54
263,54
236,57
264,57
213,52
181,49
198,50
184,62
203,62
205,56
261,56
247,56
126,54
263,54
236,57
208,57
208,57
264,57
188,61
231,49
267,49
181,49
195,49
198,50
184,62
203,62
205,56
261,56
247,56
126,54
263,54
236,57
208,57
208,57
208,57
264,57
213,52
248,63
188,61
181,49
111,49
195,49
198,50
237,62
184,62
203,62
261,56
261,56
247,56
126,54
263,54
236,57
208,57
208,57
208,57
264,57
213,52
252,60
267,49
181,49
111,49
198,50
237,62
184,62
203,62
261,56
261,56
205,56
208,64
208,64
208,64
208,64
208,64
208,64
126,64
208,54
208,54
208,54
208,54
263,54
236,57
208,57
208,57
264,57
213,52
188,61
266,60
231,49
267,49
195,49
198,50
237,62
184,62
203,62
261,56
261,56
247,64
126,64
263,54
208,57
208,57
208,57
208,57
208,57
208,57
208,57
264,57
213,52
248,63
250,61
268,49
111,49
195,49
198,50
237,62
184,62
203,62
261,56
247,64
126,64
263,54
236,57
264,57
213,52
252,60
269,49
231,49
181,49
111,49
195,49
195,49
198,50
184,62
261,62
261,62
203,62
205,56
247,64
126,64
263,54
264,57
210,52
270,61
188,61
271,49
267,49
181,49
111,49
195,49
198,50
237,62
184,62
261,62
261,62
205,56
247,64
126,64
236,57
264,57
248,63
188,61
269,49
231,49
267,49
181,49
111,49
111,49
195,49
237,49
198,62
184,62
261,62
261,62
261,62
203,62
247,64
126,64
263,54
236,57
264,57
210,57
272,60
269,49
269,49
267,49
181,49
111,49
111,49
88,49
195,49
198,62
184,62
247,64
126,64
263,54
236,57
264,57
273,61
252,60
269,49
231,49
271,49
267,49
181,49
111,49
237,49
88,65
195,65
198,62
184,62
247,64
126,64
263,54
213,57
248,63
274,60
269,49
231,49
267,49
181,49
111,65
111,65
195,65
275,65
198,62
184,62
203,62
247,64
126,64
236,57
276,57
276,57
210,63
210,63
269,49
269,49
181,49
111,65
111,65
275,65
198,62
184,62
203,62
247,64
126,64
263,54
236,57
276,57
276,57
213,63
261,63
248,63
188,61
274,60
269,49
231,49
271,49
237,49
181,65
111,65
88,65
195,65
198,62
184,62
276,62
276,56
276,56
276,56
276,56
276,56
276,56
276,56
276,56
276,56
276,56
276,56
276,56
276,64
276,64
276,64
276,64
276,64
276,64
276,64
276,64
276,64
276,64
276,64
276,64
276,64
276,64
276,64
276,64
276,54
276,54
276,54
276,54
276,54
276,54
276,54
276,57
276,57
276,57
276,57
276,57
276,57
276,57
276,57
276,57
236,57
276,57
276,57
276,57
213,63
261,63
261,63
248,63
250,61
274,60
266,60
277,49
267,49
237,49
181,65
111,65
88,65
195,65
198,62
198,62
184,62
203,62
247,64
126,64
276,57
276,57
276,57
276,57
276,57
276,57
213,63
261,63
188,61
231,49
271,49
267,49
237,49
181,65
111,65
88,65
195,65
198,62
198,62
184,62
203,62
247,64
126,64
236,67
213,63
261,63
274,60
231,49
267,49
181,65
111,65
195,65
198,62
198,62
184,62
203,62
247,64
126,64
261,63
231,49
267,49
237,49
181,65
195,65
184,62
203,62
247,64
126,64
236,67
213,63
261,63
188,61
266,60
278,49
231,49
237,49
181,65
181,65
111,65
195,65
198,62
184,62
203,62
247,64
126,64
279,61
252,61
274,60
271,49
267,49
237,49
181,65
181,65
111,65
195,65
184,62
203,62
247,64
126,64
236,67
213,63
270,63
231,49
267,49
237,49
275,65
181,65
111,65
198,62
184,62
276,62
203,62
247,64
126,64
263,54
236,67
213,63
261,63
258,60
282,49
231,49
267,49
275,65
181,65
111,65
88,65
195,65
276,62
184,62
203,62
247,64
126,64
263,54
213,63
261,63
250,61
283,61
271,49
267,49
275,65
181,65
111,65
88,65
198,62
276,62
184,62
203,62
247,64
126,64
263,54
236,67
213,63
188,61
231,49
237,49
267,65
275,65
111,65
195,65
276,62
184,62
203,62
284,62
203,56
203,56
203,56
203,56
203,56
203,56
203,56
203,56
203,56
203,64
203,64
203,64
203,64
203,64
203,64
203,64
203,64
203,64
203,64
203,64
203,64
203,64
203,64
203,64
203,54
203,54
203,54
203,54
203,67
203,67
203,67
203,67
203,67
203,67
203,67
203,67
203,67
203,67
203,67
203,67
203,67
203,67
203,67
203,67
203,67
203,67
203,67
203,67
203,67
203,67
203,67
203,67
203,67
203,63
203,63
203,63
203,63
203,63
203,63
203,63
213,63
261,63
188,61
231,49
237,49
267,65
275,65
181,65
111,65
88,65
195,65
198,62
276,62
184,62
184,62
285,62
284,62
247,64
126,64
263,54
236,67
213,63
261,63
271,49
286,49
237,49
267,65
181,65
88,65
198,62
276,62
184,62
184,62
285,62
247,64
283,61
188,61
282,49
231,49
271,49
267,65
275,65
181,65
111,65
88,65
195,65
198,62
276,62
184,62
184,62
285,62
247,64
126,64
236,67
213,63
261,63
274,60
282,49
237,49
289,65
267,65
275,65
111,65
198,62
276,62
184,62
285,62
247,64
263,54
236,67
213,63
261,63
283,61
188,61
237,49
267,65
111,65
198,62
184,62
285,62
247,64
126,64
263,54
261,63
231,49
290,49
271,49
237,49
267,65
181,65
111,65
195,65
276,62
184,62
285,62
247,64
263,54
236,67
213,63
283,61
291,49
271,49
237,49
267,65
181,65
288,65
111,65
111,65
276,65
198,62
184,62
285,62
247,64
126,64
236,67
261,61
225,61
188,61
282,49
271,49
289,65
267,65
181,65
288,65
276,65
111,65
198,62
184,62
285,62
247,64
126,64
213,63
261,61
261,61
283,61
188,61
237,49
271,65
267,65
276,65
198,62
285,62
184,62
247,64
126,64
236,67
261,61
283,61
274,60
237,49
271,65
267,65
275,65
276,65
288,65
198,62
285,62
184,62
247,64
284,64
284,64
126,64
284,67
284,67
284,67
284,63
284,63
284,63
284,63
284,63
284,63
284,63
284,63
284,63
283,61
274,60
291,49
237,49
271,65
267,65
276,65
181,65
288,65
198,62
285,62
184,62
284,62
126,64
236,67
261,61
283,61
291,49
237,49
271,65
271,65
289,65
275,65
267,65
276,65
181,65
288,65
198,62
184,62
247,62
126,64
236,67
274,60
291,49
237,49
271,65
289,65
275,65
181,65
288,65
198,65
285,62
184,62
247,62
126,64
236,67
188,61
291,49
237,49
289,65
271,65
275,65
267,65
276,65
181,65
288,65
285,62
184,62
247,62
126,64
236,67
282,49
293,49
293,49
237,49
289,65
271,65
275,65
267,65
276,65
181,65
288,65
198,65
285,62
184,62
247,62
126,64
236,67
274,60
294,69
258,69
282,49
237,49
271,65
275,65
267,65
276,65
181,65
288,65
198,65
285,62
184,62
247,62
126,64
236,67
188,61
237,49
271,65
275,65
267,65
276,65
181,65
195,65
198,65
184,62
247,62
236,67
188,61
258,69
291,49
237,49
289,65
271,65
267,65
181,65
288,65
111,65
195,65
198,65
184,62
247,62
126,64
236,67
188,61
291,49
237,49
289,65
271,65
276,65
276,65
267,65
181,65
285,65
195,65
198,65
184,62
247,62
184,64
184,67
236,67
283,68
188,61
258,69
237,49
289,65
271,65
276,65
276,65
276,65
267,65
181,65
285,65
288,65
111,65
195,65
198,65
184,62
184,62
247,62
184,64
184,64
184,64
184,70
184,70
184,70
184,70
184,70
126,70
184,67
184,67
184,67
184,67
184,67
184,67
184,67
184,67
184,67
184,67
184,67
184,67
184,67
184,67
184,67
184,67
184,67
184,67
184,67
184,67
184,63
184,63
184,63
184,63
184,63
184,63
184,63
184,68
283,68
258,69
291,49
296,49
271,65
276,65
276,65
276,65
267,65
285,65
181,65
288,65
195,65
247,62
184,64
184,64
184,64
184,64
184,64
184,64
184,64
184,70
184,70
184,70
184,70
184,70
126,70
236,67
184,68
184,68
237,49
296,65
289,65
276,65
276,65
276,65
276,65
275,65
181,65
288,65
111,65
184,62
184,62
247,62
184,64
184,64
184,64
184,64
184,64
184,64
184,64
184,64
184,64
184,64
297,70
126,67
236,67
294,69
258,69
237,49
296,65
276,65
276,65
276,65
275,65
267,65
285,65
181,65
288,65
195,65
198,62
184,62
184,64
184,64
297,70
126,70
236,67
184,68
184,68
274,60
290,49
237,49
276,65
276,65
276,65
275,65
267,65
285,65
181,65
111,65
195,65
198,62
298,62
247,70
297,70
126,67
236,67
184,68
300,71
258,69
291,49
289,65
276,65
276,65
276,65
276,65
275,65
267,65
285,65
181,65
288,65
111,65
195,65
198,62
298,62
247,70
297,70
126,67
301,67
301,67
236,67
302,72
299,71
300,71
304,69
258,69
291,49
237,49
296,65
276,65
289,65
276,65
276,65
275,65
267,65
285,65
181,65
288,65
111,65
195,65
198,62
298,62
247,70
297,70
126,73
236,67
184,68
184,68
299,71
300,71
230,69
258,69
291,49
237,49
296,65
276,65
276,65
276,65
275,65
267,65
181,65
288,65
111,65
195,65
198,62
298,62
247,70
297,70
126,73
301,67
236,67
188,72
299,71
306,69
282,49
237,49
276,65
276,65
296,65
276,65
275,65
285,65
181,65
181,65
288,65
195,65
198,62
298,62
247,70
297,70
305,73
126,73
301,67
236,67
184,68
184,68
274,72
299,71
282,49
276,49
276,65
276,65
276,65
296,65
275,65
267,65
181,65
181,65
288,65
195,65
198,62
298,62
247,70
297,70
126,73
301,67
301,67
236,67
184,68
188,72
299,71
258,75
258,75
276,49
276,49
276,49
276,49
275,65
285,65
267,65
181,65
288,65
111,65
195,65
198,62
298,62
297,70
126,73
307,67
307,67
307,67
307,67
307,67
184,68
251,72
188,72
274,60
306,69
291,49
276,49
276,49
276,49
276,49
285,65
267,65
181,65
111,65
195,65
298,62
297,70
305,73
126,73
307,67
307,67
301,67
236,67
184,68
299,71
291,49
276,49
276,49
276,49
276,49
267,65
181,65
288,65
111,65
195,77
198,70
297,70
305,73
126,73
307,67
301,67
236,67
184,72
184,72
299,71
300,71
291,49
276,49
276,49
276,49
296,65
285,65
267,65
181,65
288,65
298,65
111,77
195,77
198,70
307,70
307,70
307,70
307,73
307,73
126,73
301,67
236,67
184,72
188,72
299,71
276,49
276,49
276,49
296,65
285,65
267,65
181,65
298,65
288,77
111,77
195,77
198,70
307,70
307,70
307,70
307,70
307,70
307,70
307,70
307,70
307,70
307,70
307,70
126,73
236,67
251,68
184,72
276,49
276,49
276,49
276,49
291,65
296,65
275,65
285,65
285,65
267,65
181,77
88,77
288,77
111,77
195,77
198,70
307,70
307,70
307,70
307,70
307,70
307,70
307,70
301,67
236,67
294,71
276,49
276,49
276,49
276,49
296,65
275,65
285,65
285,65
308,65
308,65
267,65
298,77
142,77
288,77
111,77
195,77
198,70
307,70
307,70
126,73
301,67
301,67
236,67
250,68
274,60
306,69
242,75
276,49
276,49
276,49
276,49
309,65
275,65
285,65
308,65
308,65
267,65
298,77
312,77
111,77
195,77
198,70
307,70
301,67
301,67
236,67
188,72
313,60
299,71
294,71
230,79
282,49
276,49
276,49
276,49
276,49
291,65
309,65
309,65
309,65
275,65
285,65
285,65
267,65
298,77
142,77
111,77
195,77
198,70
247,70
126,73
236,67
184,72
184,72
274,60
266,60
313,71
294,71
258,75
276,49
276,49
282,49
291,65
309,65
309,65
309,65
296,65
275,65
285,65
285,65
285,65
308,65
267,65
298,77
88,77
142,77
195,70
198,70
314,67
314,76
314,76
314,76
314,76
314,76
314,76
210,76
250,68
188,72
313,71
313,71
299,71
230,79
276,49
276,49
276,49
291,65
309,65
309,65
309,65
296,65
285,65
285,65
285,65
308,65
267,65
298,77
312,77
88,77
111,77
198,70
247,70
297,70
126,73
236,67
314,76
314,76
314,76
314,76
314,76
314,76
314,76
314,76
314,76
314,76
314,76
314,76
314,68
314,68
295,72
274,60
294,71
242,75
258,75
276,49
276,49
276,49
276,49
291,65
309,65
309,65
309,65
309,65
296,65
275,65
308,65
308,65
267,65
267,77
298,77
312,77
142,77
288,77
111,77
195,77
198,70
297,70
236,67
184,72
295,72
299,71
294,71
276,49
276,49
276,49
276,49
309,65
309,65
309,65
309,65
296,65
275,65
308,65
308,65
267,77
312,77
88,77
142,77
111,77
195,77
198,70
297,70
315,73
315,73
315,73
315,73
315,73
236,67
314,68
274,60
294,71
276,49
276,49
276,49
309,65
309,65
309,65
309,65
296,65
275,65
308,65
298,77
298,77
267,77
88,77
142,77
111,77
198,70
297,70
315,70
315,70
315,70
236,67
301,76
314,68
314,68
295,78
188,72
266,60
294,71
276,49
276,49
276,49
276,49
316,49
282,49
309,65
309,65
309,65
291,65
308,65
308,65
298,77
267,77
312,77
142,77
288,77
111,77
195,77
198,70
315,70
315,70
297,70
315,70
315,70
126,73
236,67
301,76
314,68
314,68
184,72
313,71
258,75
276,49
276,49
276,49
276,49
282,49
309,65
309,65
309,65
291,65
308,65
298,65
298,77
267,77
312,77
88,77
111,77
195,77
198,70
315,70
315,70
315,70
297,70
236,67
301,76
314,68
299,71
294,71
276,49
276,49
276,49
276,49
309,65
309,65
309,65
291,65
296,65
317,65
308,65
298,65
267,77
312,77
88,77
111,77
315,70
315,70
315,70
315,70
297,70
126,73
236,67
314,68
314,68
184,72
188,72
299,71
294,71
276,49
276,49
276,49
276,49
276,49
276,49
316,49
309,65
309,65
309,65
309,65
291,65
317,65
317,65
317,65
317,65
296,65
308,65
308,65
318,65
298,65
267,77
288,77
111,77
195,77
198,70
297,70
236,67
314,68
314,68
294,71
319,49
309,49
282,49
309,65
309,65
291,65
317,65
317,65
317,65
296,65
275,65
308,65
298,65
318,77
312,77
88,77
111,77
195,77
198,70
297,70
126,73
236,67
301,76
314,68
274,60
299,71
294,71
242,75
309,49
309,49
309,49
282,49
317,65
317,65
317,65
296,65
308,65
275,65
298,65
298,65
267,77
312,77
88,77
142,77
195,70
297,70
236,67
314,68
184,72
320,72
188,72
299,71
294,71
300,75
258,75
309,49
309,49
282,49
317,65
317,65
317,65
317,65
308,65
308,65
308,65
275,65
298,65
298,65
267,77
312,77
142,77
111,77
195,77
198,70
322,70
297,70
126,73
323,76
323,76
323,76
323,76
314,68
314,78
294,71
242,79
319,49
309,49
309,49
282,49
291,65
317,65
317,65
317,65
308,65
308,65
275,65
298,65
318,77
321,77
321,77
312,77
88,77
325,70
322,70
297,70
305,73
323,73
323,73
323,73
323,73
323,73
323,73
126,73
323,67
323,67
323,67
323,67
236,67
314,78
188,72
274,60
266,60
242,79
319,49
309,49
309,49
309,49
291,65
317,65
317,65
317,65
296,65
308,65
308,65
308,65
275,65
298,65
298,65
321,77
321,77
267,77
312,77
88,77
142,77
325,70
297,70
323,70
323,70
323,70
323,70
323,70
323,70
323,73
323,73
323,73
323,73
126,73
301,76
314,78
295,78
274,60
299,71
294,71
242,79
326,75
319,49
309,49
309,49
309,49
309,49
316,49
317,65
317,65
317,65
317,65
296,65
308,65
308,65
308,65
275,65
298,65
298,65
318,77
321,77
312,77
288,77
111,77
325,77
322,70
323,70
323,70
323,70
323,70
323,70
323,70
323,70
323,70
323,70
323,70
305,73
126,73
301,76
250,68
251,68
314,78
184,81
188,72
274,60
294,71
242,79
319,49
309,49
309,49
316,49
317,65
317,65
317,65
291,65
296,65
308,65
308,65
308,65
275,65
298,65
327,77
318,77
267,77
312,77
88,77
111,77
325,70
322,70
323,70
323,70
323,70
323,70
323,70
323,70
323,70
323,70
323,70
323,70
323,70
126,73
314,78
320,81
188,72
274,60
309,49
309,49
309,49
309,49
316,49
282,49
317,65
296,65
308,65
308,65
308,65
275,65
298,65
298,65
327,77
267,77
312,77
88,77
142,77
288,77
111,77
322,77
325,70
305,73
126,73
250,68
314,78
320,81
184,81
188,72
242,79
309,49
317,65
308,65
296,65
298,65
298,65
267,77
324,77
88,77
322,77
325,77
126,73
250,68
314,78
314,78
184,81
184,81
188,72
299,71
309,49
309,49
309,49
282,49
317,65
317,65
317,65
308,65
308,65
298,65
327,77
267,77
88,77
322,77
325,70
126,73
314,78
295,78
184,81
184,81
188,72
299,71
242,79
319,49
317,49
317,49
282,49
291,65
308,65
308,65
308,65
308,65
298,65
298,65
318,77
267,77
312,77
88,77
142,77
111,77
325,70
126,73
314,78
188,72
294,71
319,49
317,49
317,49
291,65
308,65
308,65
296,65
328,65
298,65
312,77
329,77
88,77
142,77
325,70
330,76
330,76
330,76
330,76
330,76
250,68
314,78
314,78
188,72
319,49
316,49
317,49
317,49
291,65
308,65
308,65
296,65
328,65
328,65
328,65
298,82
275,82
267,77
329,77
312,77
88,77
142,77
288,77
331,68
297,70
330,73
330,73
330,73
330,73
330,73
330,68
295,78
314,78
320,81
184,81
188,72
294,71
332,79
319,49
316,49
317,49
317,49
282,49
291,65
308,65
308,65
296,65
328,65
328,65
298,82
275,82
318,77
324,77
267,77
312,77
88,77
142,77
111,77
331,68
297,70
330,70
330,70
330,73
330,73
330,73
330,73
330,73
330,73
330,73
330,73
330,73
301,76
330,68
314,78
184,81
188,72
299,60
242,79
317,49
317,49
308,65
308,65
308,65
296,65
328,65
328,65
328,65
298,82
275,82
324,77
312,77
88,77
142,77
325,68
297,70
330,70
330,70
330,70
330,70
330,70
330,70
330,70
330,70
330,70
305,70
301,76
314,78
314,78
184,81
184,81
294,71
326,75
317,49
282,49
308,65
296,65
328,65
328,65
328,65
298,82
275,82
324,77
324,77
267,77
312,77
88,77
331,68
330,68
330,68
330,68
330,68
330,68
330,70
330,70
126,73
250,68
314,78
314,78
188,81
184,81
242,79
319,49
317,49
282,49
308,65
291,65
328,65
328,65
328,65
298,82
275,82
324,77
267,77
312,77
312,77
288,77
325,68
250,68
301,68
314,78
184,81
184,81
299,60
294,71
242,79
319,49
317,49
282,49
308,65
291,65
328,65
328,65
328,65
328,65
298,82
324,77
318,77
312,77
311,77
142,77
331,68
126,73
301,68
314,78
314,78
184,81
294,71
319,49
317,49
317,49
308,65
291,65
328,65
296,65
298,82
324,77
318,77
267,77
88,77
142,77
325,68
331,68
331,68
305,73
333,73
301,68
314,78
314,78
188,81
184,81
294,71
242,79
317,49
316,49
308,49
308,49
308,65
291,65
328,65
296,65
298,82
275,82
324,77
318,77
329,77
88,77
311,77
111,77
331,68
331,68
126,73
301,68
314,78
242,79
316,49
308,49
291,65
296,65
298,82
275,82
324,77
324,77
318,77
329,77
142,77
311,77
111,68
331,68
331,68
250,68
323,78
323,78
314,78
314,78
188,81
184,60
299,60
242,79
316,49
308,49
308,49
282,49
328,65
328,65
296,65
298,82
275,82
142,77
111,68
311,68
126,73
301,68
251,68
314,78
188,81
299,60
294,71
319,49
308,49
308,49
328,65
328,65
298,82
275,82
329,77
329,77
88,77
311,68
331,68
331,68
331,68
250,68
295,78
320,81
334,81
184,60
242,79
319,49
308,49
308,49
308,49
282,49
328,65
328,65
328,65
328,65
298,82
324,82
275,82
318,77
329,77
329,77
88,77
325,68
311,68
311,68
333,73
126,73
301,68
294,71
313,79
319,49
308,49
308,49
282,49
328,65
328,65
328,65
291,65
296,65
324,65
324,65
298,82
324,82
329,77
318,77
329,77
267,77
88,77
325,68
311,68
311,68
331,68
331,68
331,68
331,68
331,68
305,73
333,73
250,68
301,68
320,81
334,81
299,60
294,71
242,79
319,49
308,49
308,49
316,49
328,65
291,65
296,65
324,65
324,65
324,65
298,82
329,77
318,77
111,68
311,68
311,68
331,73
331,73
331,73
333,73
126,73
250,68
330,78
295,78
188,81
242,79
319,49
308,49
308,49
316,49
328,65
291,65
324,65
296,65
324,65
324,65
298,82
275,82
329,77
318,77
142,77
311,68
311,68
331,73
331,73
250,68
301,68
330,78
188,81
184,81
294,71
326,75
308,49
308,49
308,49
316,49
282,49
328,65
324,65
324,65
324,65
296,65
298,82
275,82
329,77
329,77
335,77
311,68
311,68
311,68
336,73
301,68
330,78
295,78
320,81
334,81
184,81
294,71
242,79
326,75
308,49
308,49
328,49
324,65
324,65
324,65
296,65
298,82
275,82
329,77
329,77
335,77
142,77
111,68
311,68
311,68
311,68
331,73
331,73
250,68
337,68
301,68
320,81
308,49
319,49
282,49
291,65
324,65
324,65
324,65
298,82
275,82
329,77
329,77
335,77
311,68
311,68
311,68
331,73
331,73
331,73
250,68
337,68
301,68
330,78
320,81
188,81
319,49
282,49
291,65
324,65
324,65
324,65
324,65
298,82
329,82
329,82
318,77
88,77
325,68
338,68
338,68
338,68
338,68
311,68
311,68
288,68
288,68
288,68
288,68
288,68
288,68
331,73
331,73
331,68
331,68
331,68
250,68
337,68
337,68
301,68
295,78
330,78
323,81
334,81
307,81
307,81
319,49
291,65
324,65
324,65
324,65
324,65
296,65
298,82
329,82
329,82
329,82
318,77
88,77
325,68
338,68
338,68
338,68
311,68
311,68
288,68
288,68
288,68
288,68
295,78
330,78
330,78
242,79
319,49
328,49
328,49
291,65
324,65
324,65
296,82
329,82
329,82
275,82
318,77
339,77
335,77
338,68
288,68
288,68
288,68
288,68
126,68
330,78
319,49
328,49
316,49
282,65
324,65
324,65
324,65
291,65
298,82
296,82
329,82
329,82
329,82
275,82
340,77
335,77
338,68
126,68
288,68
288,68
188,81
282,49
324,65
324,65
324,65
298,82
296,82
329,82
275,82
340,77
340,77
335,77
338,68
338,68
311,68
311,68
126,68
288,68
330,78
188,81
282,49
324,65
324,65
324,65
324,65
298,82
329,82
329,82
275,82
340,77
340,77
88,77
111,77
338,68
338,68
311,68
311,68
311,68
311,68
288,68
288,68
301,78
301,78
301,78
320,81
319,49
328,49
316,49
282,49
324,65
324,65
324,65
324,65
291,65
298,82
329,82
329,82
329,82
275,82
340,77
340,77
88,77
111,77
338,68
311,68
288,68
288,68
301,78
301,78
320,81
188,81
328,49
328,49
324,49
282,49
324,65
324,65
291,65
329,65
329,82
329,82
296,82
340,77
340,77
318,77
88,77
335,77
111,77
325,68
288,78
301,78
301,78
330,78
320,81
188,81
328,49
319,49
324,49
324,49
324,49
291,65
329,65
329,65
329,65
298,82
296,82
340,77
340,77
318,77
339,77
339,77
88,77
111,77
126,68
341,68
311,68
311,68
288,78
288,78
301,78
301,78
342,78
330,78
330,81
328,49
328,49
319,49
316,49
324,49
324,49
324,49
291,65
329,65
329,65
329,65
298,82
296,82
340,82
275,82
339,77
339,77
88,77
111,77
325,68
341,68
311,78
301,78
342,78
320,81
316,49
324,49
324,49
324,49
282,49
291,65
329,65
329,65
329,65
298,82
296,82
340,82
275,82
343,77
111,77
325,68
341,68
341,78
311,78
288,78
301,78
342,78
324,49
324,49
324,49
324,49
282,49
329,65
329,65
329,65
298,82
296,82
340,82
340,82
275,82
339,77
339,77
339,77
325,68
341,78
311,78
301,78
301,78
320,81
188,81
328,49
319,49
324,49
324,49
324,49
324,49
316,49
282,49
329,65
298,82
340,82
340,82
275,82
339,77
339,77
88,77
325,68
311,78
301,78
320,81
314,81
344,49
319,49
324,49
324,49
324,49
282,49
329,65
291,65
298,82
339,77
339,77
339,77
318,77
343,77
88,77
311,78
288,78
301,78
301,78
334,81
319,49
324,49
324,49
324,49
329,65
291,65
298,82
296,82
340,82
340,82
339,77
339,77
339,77
318,77
343,77
88,77
111,77
311,78
301,78
320,81
334,81
294,81
230,83
319,49
324,49
324,49
324,49
329,65
291,65
298,65
298,82
340,82
296,82
275,82
339,77
339,77
318,77
88,77
288,78
288,78
301,78
314,81
304,83
344,49
319,49
324,49
324,49
324,49
316,49
282,65
329,65
291,65
298,82
296,82
275,82
339,77
318,77
88,77
111,77
311,78
301,78
334,81
184,84
344,49
345,49
345,49
345,49
316,49
329,49
329,49
282,49
298,82
296,82
275,82
339,77
88,77
142,77
325,86
348,78
288,78
342,81
349,81
344,49
345,49
316,49
329,49
329,49
282,49
298,82
296,82
339,82
339,82
275,82
339,77
88,86
111,86
325,86
348,78
311,78
349,81
345,49
319,49
316,49
329,49
282,49
340,65
340,82
339,82
339,82
339,82
339,82
275,82
318,77
88,86
111,86
325,86
311,78
288,78
301,78
344,49
319,49
329,49
282,49
291,65
340,65
340,65
298,82
339,82
339,82
318,77
343,77
343,77
343,77
325,86
311,78
301,78
320,81
304,83
351,84
345,49
319,49
340,65
340,65
340,65
340,65
298,82
339,82
339,82
318,77
343,77
343,77
343,77
343,77
288,78
230,81
352,83
319,49
316,49
340,65
340,65
340,65
340,65
291,65
298,82
296,82
339,82
275,82
343,77
343,77
343,77
88,86
230,81
326,84
344,49
316,49
282,65
340,65
340,65
340,65
340,65
291,65
298,82
296,82
339,82
339,82
339,82
275,82
343,77
343,77
343,77
88,86
142,86
325,85
288,78
320,81
334,81
242,83
344,49
316,49
282,49
340,65
340,65
340,65
298,82
339,82
296,82
339,82
275,82
343,77
343,77
88,86
111,86
126,87
288,78
320,81
329,49
316,49
282,49
340,65
340,65
340,65
298,82
339,82
339,82
275,82
343,77
343,77
88,86
111,86
325,86
126,87
353,78
288,78
301,78
320,81
354,83
242,83
344,49
319,49
340,49
340,49
340,49
282,49
298,82
291,82
339,82
339,82
275,82
343,77
343,77
343,77
88,86
142,86
325,86
355,85
355,85
126,87
353,78
288,78
301,81
356,84
319,49
340,49
340,49
340,49
340,49
282,49
298,82
291,82
339,82
296,82
357,82
343,77
88,86
355,85
355,85
126,87
288,78
301,81
319,49
340,49
340,49
340,49
340,49
298,82
291,82
339,82
296,82
357,82
357,82
357,82
357,82
343,82
355,85
126,87
301,81
344,49
316,49
340,49
340,49
340,49
298,82
291,82
339,82
296,82
357,82
357,82
357,82
357,82
325,85
355,85
126,87
311,78
288,78
301,81
344,49
340,49
340,49
340,49
358,49
282,49
298,82
339,82
339,82
339,82
296,82
357,82
357,82
357,82
357,82
343,82
88,86
142,86
325,86
355,85
359,85
355,85
126,87
360,83
360,83
188,83
329,49
340,49
340,49
340,49
340,49
358,49
282,49
298,82
339,82
296,82
357,82
357,82
357,82
357,82
343,82
88,86
111,86
325,86
355,85
355,85
311,78
288,78
301,81
301,81
360,83
188,83
326,84
319,49
340,49
340,49
340,49
340,49
316,49
358,49
282,49
298,82
339,82
291,82
357,82
357,82
357,82
357,82
343,82
88,86
325,86
355,85
355,85
355,85
288,78
360,83
344,49
319,49
340,49
340,49
340,49
358,49
282,49
339,65
298,82
291,82
357,82
357,82
343,82
88,86
111,86
355,85
355,85
288,78
188,83
361,89
319,49
340,49
340,49
340,49
358,49
298,82
291,82
357,82
296,82
88,86
363,86
363,86
111,86
355,87
288,78
188,83
316,49
339,65
298,82
291,82
357,82
296,82
364,85
355,87
288,78
188,83
316,49
282,65
298,82
357,82
357,82
296,82
343,82
355,86
142,86
364,85
359,85
355,87
311,78
311,78
288,78
288,78
301,81
188,83
344,49
316,49
358,49
282,49
298,82
357,82
343,82
355,86
364,86
365,87
311,78
301,81
242,89
344,49
316,49
358,49
282,49
298,82
357,82
357,82
343,82
88,86
142,86
364,86
355,87
301,81
344,49
319,49
366,49
366,49
358,49
282,49
298,82
357,82
343,82
88,86
111,86
364,86
355,87
355,87
288,78
288,78
301,81
301,81
319,49
366,49
358,49
282,49
298,82
296,82
343,82
343,88
369,86
88,86
111,86
364,86
355,87
355,87
301,90
301,90
301,90
301,90
301,81
301,81
301,81
301,81
301,81
301,81
301,81
319,49
366,49
282,49
343,82
296,82
343,88
367,88
367,88
364,86
325,85
355,87
311,78
288,90
288,90
368,81
368,81
319,49
316,49
298,49
343,82
296,82
343,88
343,88
367,88
369,86
111,86
359,85
311,90
301,90
344,49
316,49
358,49
298,49
343,88
343,88
364,86
355,87
370,91
288,90
301,90
229,83
371,83
344,49
366,49
366,49
366,49
316,49
358,49
298,49
343,88
343,88
369,86
372,86
364,86
288,90
288,90
301,90
371,83
344,49
316,49
358,49
298,49
282,82
343,88
343,88
343,88
88,86
364,86
325,86
311,90
288,90
304,90
354,83
371,83
326,84
319,49
358,49
298,49
282,82
343,88
343,88
355,91
311,90
288,90
301,83
371,83
344,49
319,49
358,49
298,49
282,82
343,82
343,88
343,88
372,86
88,86
111,86
365,85
311,90
301,83
188,83
242,89
374,49
374,49
298,49
343,88
111,86
355,91
311,90
311,90
301,83
374,49
374,49
316,49
298,49
298,49
343,88
364,86
355,91
311,90
311,90
288,90
288,90
301,83
242,89
344,49
374,49
374,49
298,49
282,82
376,88
376,88
376,88
111,86
364,86
325,85
311,90
311,90
288,90
288,90
301,83
344,49
374,49
298,49
282,82
376,88
88,86
364,86
375,90
311,90
311,90
288,90
301,90
301,83
188,83
319,49
374,49
374,49
298,49
282,82
376,88
88,86
142,86
364,86
325,86
359,85
355,91
375,90
375,90
311,90
311,90
288,90
301,90
301,83
188,83
344,49
319,49
374,49
298,49
282,82
376,82
376,88
376,88
88,86
142,86
375,90
311,90
229,90
188,83
242,89
326,84
319,49
298,49
88,86
355,91
311,90
229,90
304,90
288,90
301,90
188,83
298,49
111,86
355,91
304,90
311,90
301,90
316,49
298,49
376,82
376,82
325,85
359,85
355,91
375,90
311,90
311,90
301,90
301,90
374,49
374,49
376,49
298,49
364,86
375,90
375,90
311,90
288,90
301,90
301,90
188,89
376,49
376,49
378,88
88,86
142,86
364,86
359,93
375,90
311,90
288,90
301,90
301,90
242,89
326,89
344,49
319,49
376,49
376,49
88,86
364,86
359,93
355,91
375,90
311,90
288,90
301,90
301,90
301,89
188,89
319,49
376,49
376,88
88,86
142,86
364,86
325,86
359,93
375,90
288,90
242,89
376,88
376,88
88,86
325,86
375,90
311,90
288,90
242,89
376,88
378,88
88,86
355,91
311,90
373,90
242,89
188,89
344,49
376,88
378,88
369,86
111,86
311,90
344,49
376,49
376,88
378,88
369,86
142,86
355,91
311,90
373,90
376,49
378,88
369,86
355,91
311,90
188,89
344,49
376,49
376,49
376,49
88,86
142,86
379,93
355,91
311,90
188,89
326,89
376,49
376,49
376,88
88,86
142,86
188,89
380,89
344,88
88,86
325,86
355,91
311,90
242,89
344,49
378,88
111,86
325,86
311,90
344,49
378,88
88,86
311,90
288,90
359,93
355,90
311,90
288,90
242,89
188,89
326,89
378,88
288,90
242,89
378,88
88,86
142,86
188,89
88,86
142,86
355,90
188,89
88,86
188,89
311,90
242,89
111,86
325,86
311,90
242,89
378,88
111,86
311,90
111,86
325,86
381,90
188,89
88,86
288,90
382,90
382,90
326,96
188,96
384,86
384,86
384,86
359,93
381,90
382,90
382,90
242,90
326,96
378,88
382,90
381,90
385,90
382,90
382,90
242,90
382,90
381,90
385,90
326,96
386,92
381,90
381,90
242,90
326,96
378,88
383,86
111,86
385,90
381,90
378,49
378,88
88,86
111,86
382,90
381,90
381,90
242,90
111,86
325,86
359,93
381,90
359,93
385,90
242,90
142,86
382,90
385,90
381,95
378,88
142,86
382,90
242,90
381,95
378,88
242,90
382,90
378,88
388,90
382,90
389,95
381,95
88,86
142,86
111,86
385,90
88,86
390,86
142,86
111,86
325,86
391,90
381,95
326,96
378,88
391,90
389,95
390,86
142,86
391,90
391,90
385,90
326,96
390,86
382,90
326,96
378,88
390,86
392,86
393,86
391,90
391,90
242,90
326,96
378,49
392,86
388,90
391,90
242,90
389,95
378,49
390,86
142,86
325,86
391,90
242,90
326,96
369,86
390,86
111,86
382,90
385,90
391,90
242,90
326,96
378,88
382,90
385,90
391,90
242,90
378,49
378,88
111,86
392,86
242,90
389,95
378,49
392,86
394,90
391,90
389,95
326,96
111,86
392,86
242,90
378,49
378,88
325,86
388,90
385,90
391,95
378,49
390,86
382,90
394,90
242,90
326,96
378,49
369,86
390,86
111,86
392,86
359,97
242,90
391,95
378,88
111,86
392,86
385,90
378,88
392,86
394,90
242,90
391,95
378,88
388,90
395,90
326,96
378,49
88,86
111,86
392,97
398,90
399,95
378,88
397,90
398,90
395,90
378,49
378,88
369,86
400,90
396,90
395,90
378,88
111,86
325,86
401,94
402,90
397,90
397,90
326,95
403,96
378,88
142,86
325,86
401,90
397,90
397,90
395,90
399,95
369,86
88,86
111,86
126,97
304,90
397,90
397,90
242,90
88,86
404,86
404,97
126,97
388,90
397,90
242,90
326,95
404,86
405,94
405,94
405,94
405,94
405,94
397,90
395,90
242,90
405,94
405,94
405,94
405,94
405,94
334,94
406,94
406,94
405,94
405,94
405,94
405,94
405,94
388,90
395,90
242,90
326,95
88,86
111,86
325,86
408,97
126,97
405,94
405,94
405,94
405,94
406,94
406,94
406,94
406,94
406,94
406,94
406,94
406,94
406,94
406,94
407,94
407,94
406,94
406,94
406,94
406,94
406,94
406,94
405,90
405,90
405,90
395,90
242,90
326,95
88,86
111,86
325,86
410,94
405,94
405,94
405,94
406,94
406,94
406,94
406,94
406,94
388,94
406,99
229,99
304,90
395,90
242,90
411,49
411,49
411,49
411,88
88,86
325,86
412,94
405,94
405,94
405,94
406,94
406,94
406,94
406,99
304,99
405,90
395,90
242,90
399,95
326,95
411,49
378,88
111,86
325,86
405,94
405,94
406,94
406,94
406,94
304,99
406,99
406,99
406,99
382,99
395,90
378,88
88,86
142,86
408,97
408,97
408,97
408,97
413,97
413,97
413,97
405,94
405,94
405,94
406,94
406,94
406,94
406,94
406,99
406,99
406,99
405,90
405,90
394,90
242,90
395,100
411,49
142,101
414,97
413,97
413,97
405,94
405,94
405,94
406,94
406,94
406,94
406,99
406,99
405,90
405,90
395,100
395,100
415,97
416,97
405,97
406,94
406,94
406,94
406,94
388,99
406,99
406,99
405,99
405,90
405,90
398,90
242,90
395,100
399,100
411,49
378,88
88,101
111,101
325,97
405,97
405,97
405,97
126,97
406,94
406,94
388,99
417,99
406,99
406,99
405,90
395,100
418,96
378,88
88,101
111,101
325,97
416,97
405,97
405,97
406,97
406,97
406,97
417,99
417,99
417,99
417,99
417,99
417,99
405,90
419,90
405,90
395,100
395,100
111,101
416,97
416,97
416,97
405,97
405,97
406,97
406,97
420,97
422,99
382,99
406,99
406,99
406,99
419,99
405,90
405,90
395,100
418,96
378,88
426,101
111,101
325,97
405,97
405,97
405,97
405,97
405,97
405,97
405,97
406,97
406,97
406,97
406,102
406,99
419,99
406,99
406,99
405,99
405,90
405,90
395,100
395,100
326,95
426,101
427,101
405,97
405,97
405,97
405,97
406,97
406,97
406,97
406,102
406,102
406,102
406,102
388,99
417,99
406,99
406,99
406,99
406,99
405,100
405,100
395,100
378,88
378,88
88,101
142,101
405,97
406,97
406,97
406,97
406,97
406,97
406,97
406,97
388,99
406,99
406,99
406,100
405,100
405,100
405,100
395,100
405,96
426,101
88,101
405,101
405,97
405,97
406,97
428,97
428,97
406,97
406,97
406,97
406,97
388,99
417,99
406,100
406,100
406,100
405,100
405,100
395,100
395,100
418,96
378,88
378,88
369,101
429,101
111,101
406,97
388,99
417,99
406,100
406,100
406,100
406,100
405,100
405,100
405,100
406,96
405,96
426,101
430,101
430,101
430,101
406,101
111,101
325,103
432,103
388,99
423,99
326,100
406,100
406,100
406,100
395,100
405,95
405,95
405,95
418,96
405,96
378,88
430,101
431,101
431,101
111,101
388,99
417,99
406,100
406,100
406,100
395,100
405,95
405,95
405,95
434,96
434,96
434,96
406,96
405,96
378,88
430,101
431,101
111,101
325,103
417,99
435,100
406,100
406,95
406,95
405,95
405,95
434,96
434,96
436,96
434,96
434,96
434,96
188,96
405,96
405,96
406,96
406,96
405,96
378,88
378,88
378,88
431,101
325,101
437,99
417,99
395,100
406,95
406,95
406,95
406,95
405,95
405,95
405,95
434,96
434,96
434,96
434,96
434,96
406,96
406,96
405,96
406,96
378,88
430,101
88,101
142,101
432,103
395,100
406,95
406,95
406,95
406,95
405,95
405,95
188,96
405,96
406,96
406,96
405,96
378,88
88,101
438,99
423,99
395,100
395,95
406,95
406,95
406,95
406,95
405,95
405,95
405,95
436,96
405,96
406,96
378,88
378,88
378,88
431,101
111,101
438,99
423,99
395,100
406,95
406,95
406,95
406,95
405,95
405,96
405,96
436,96
369,101
431,101
111,101
325,103
432,103
388,99
423,99
395,100
406,95
406,95
406,95
405,96
403,96
405,96
436,96
439,96
406,96
406,96
405,96
378,88
378,88
369,101
430,101
431,101
111,101
388,99
423,99
395,100
406,95
406,95
406,96
403,96
405,96
405,96
436,96
406,96
378,88
431,101
431,101
440,104
388,99
423,99
395,100
395,95
403,95
406,96
406,96
406,96
406,96
405,96
405,96
405,96
405,96
436,96
439,96
425,96
378,88
378,88
369,101
431,101
431,101
443,104
142,104
111,104
325,104
388,99
444,99
395,95
406,96
406,96
406,96
406,96
405,96
405,96
405,96
405,96
405,96
405,96
405,96
405,96
405,96
405,96
405,96
405,96
405,96
405,96
406,96
406,96
406,96
405,96
378,88
388,99
395,100
406,96
406,96
406,96
406,96
406,96
406,96
406,96
406,96
406,96
406,96
406,96
445,96
445,96
445,96
378,88
142,104
423,99
395,100
406,96
406,96
406,96
406,96
406,96
406,96
406,96
406,96
406,96
406,96
406,96
406,96
406,96
406,96
406,96
406,96
406,96
406,96
430,101
111,104
423,99
395,100
446,96
446,96
446,96
447,96
447,96
378,88
378,88
378,88
443,104
430,104
443,104
111,104
325,104
423,99
448,100
446,96
449,96
449,96
449,96
449,96
447,96
445,96
451,96
405,96
443,104
443,104
111,104
325,104
395,100
449,96
449,96
447,96
445,96
445,96
450,96
451,96
443,104
443,104
111,104
325,104
395,100
449,96
449,96
447,96
452,96
454,96
450,96
442,96
443,104
111,104
325,104
388,105
455,99
395,100
449,96
449,96
449,96
447,96
454,96
454,96
454,96
454,96
454,96
406,96
443,104
443,104
443,104
88,104
111,104
325,104
455,99
395,100
446,96
449,96
456,96
188,96
443,106
443,104
455,99
395,100
403,96
446,96
456,96
395,100
449,96
456,96
188,96
443,106
443,106
142,104
455,99
457,100
403,96
188,96
188,96
406,96
443,106
455,99
455,99
455,99
457,100
395,100
449,96
456,96
188,96
442,96
443,106
111,104
325,104
423,99
395,100
449,96
456,96
442,96
405,107
443,106
325,104
395,100
449,95
188,96
442,96
369,104
88,104
111,104
423,99
395,100
449,95
456,96
458,96
406,107
459,106
460,108
449,95
449,95
456,96
111,108
461,99
395,100
449,95
462,107
463,100
449,95
449,96
456,96
442,96
459,106
142,108
423,99
463,100
395,100
456,95
451,96
458,96
406,107
369,104
111,108
395,100
456,95
456,96
369,104
142,108
111,108
325,108
461,99
395,100
456,96
458,96
111,108
423,99
395,100
456,95
456,96
405,107
464,104
111,108
325,108
395,100
456,96
458,96
465,106
325,108
461,99
395,100
456,96
456,96
459,106
466,110
467,95
467,95
456,96
458,96
142,108
467,110
467,95
456,95
456,95
458,96
460,108
395,110
467,95
467,95
467,95
467,95
467,95
467,95
467,110
467,110
467,110
456,95
405,107
369,104
142,108
111,108
461,99
467,95
468,95
456,95
456,95
458,111
111,108
395,110
467,95
468,95
456,95
469,111
470,111
460,104
468,111
456,111
459,106
369,104
325,108
395,110
467,110
468,111
471,111
471,111
471,111
470,111
472,104
142,108
467,110
471,110
471,111
471,111
471,111
470,111
395,110
467,110
471,111
471,111
471,111
469,111
423,99
471,110
471,110
468,111
471,111
471,111
471,111
471,111
469,111
459,106
369,104
471,110
471,110
471,110
471,111
471,111
471,111
460,108
473,108
474,110
471,110
469,111
475,111
475,111
475,111
475,111
475,111
475,111
475,111
475,111
111,108
325,108
395,110
477,111
475,111
475,111
395,110
468,111
475,111
142,108
470,111
142,108
423,99
468,111
475,111
475,111
459,106
395,110
468,111
475,111
478,111
142,108
475,111
475,111
470,111
369,108
142,108
475,111
478,111
405,107
111,108
475,111
479,99
477,110
475,110
475,111
470,111
395,110
475,110
475,110
475,110
475,110
395,110
475,110
475,110
459,114
369,108
142,108
475,110
475,110
406,107
405,107
459,114
423,99
475,110
475,110
475,110
470,111
111,108
395,110
475,110
475,110
480,114
475,110
475,110
111,108
475,110
459,114
406,107
481,116
395,115
470,111
459,114
369,108
459,114
475,110
460,114
142,108
111,108
406,107
423,116
475,110
142,108
111,108
475,110
470,111
460,114
459,114
111,108
474,100
406,107
369,108
470,111
460,114
111,108
475,100
485,108
406,107
459,114
459,114
460,118
369,108
485,108
423,116
475,116
475,116
470,111
485,108
483,108
487,116
459,114
475,116
475,116
111,108
475,116
488,114
489,116
475,116
475,116
406,107
490,107
369,108
475,116
483,108
388,116
475,116
475,116
470,111
483,108
475,116
475,116
475,116
491,120
492,120
460,114
126,121
490,120
492,120
369,108
126,121
492,120
460,114
475,121
492,120
475,121
470,122
492,120
460,114
475,121
475,121
492,120
493,123
460,114
459,124
492,123
460,114
475,121
460,124
142,108
470,122
460,124
142,108
475,121
492,123
142,108
494,121
470,122
492,123
460,124
475,121
470,122
475,121
406,125
460,124
406,125
470,126
497,124
459,124
475,121
495,113
496,125
496,125
406,125
359,121
496,125
496,125
142,108
475,127
460,124
142,108
496,125
369,108
498,125
142,108
497,128
460,124
325,108
475,127
499,125
460,124
459,124
475,127
500,128
460,124
501,108
111,108
395,115
500,128
325,108
470,126
502,128
475,108
142,108
325,108
475,108
475,108
500,128
369,108
142,108
503,125
460,128
475,108
369,108
475,108
142,108
503,125
504,125
460,128
369,108
505,108
460,128
475,108
325,108
503,125
475,108
500,128
459,124
475,108
475,108
503,125
475,108
325,108
460,128
369,108
503,125
504,125
500,128
475,124
500,128
460,128
475,124
142,108
503,125
460,128
325,108
475,124
460,128
507,129
475,124
475,124
500,129
475,124
142,108
475,124
500,129
507,129
475,124
369,108
325,108
500,129
507,129
507,129
475,124
500,129
475,124
475,124
460,128
475,124
475,124
475,124
142,108
508,108
509,124
475,124
500,129
475,124
475,124
325,108
500,129
475,124
475,124
500,129
475,129
475,129
509,124
369,108
142,108
500,129
475,129
475,129
369,108
460,128
500,129
475,129
509,124
460,128
475,129
510,128
460,128
475,129
475,129
509,124
511,128
512,129
510,128
511,128
513,124
510,128
460,128
142,131
475,129
475,129
325,132
511,128
475,129
475,129
369,108
460,128
142,131
511,128
460,128
460,128
514,131
460,128
369,131
515,128
511,128
515,128
515,128
516,128
509,124
369,131
325,132
142,131
142,131
369,131
509,124
142,131
111,131
142,131
517,133
509,124
517,133
142,131
142,131
142,131
519,131
369,131
520,131
520,131
520,131
519,134
142,131
369,131
520,131
520,131
521,134
520,131
522,132
304,135
519,134
523,132
523,132
524,135
142,131
523,132
523,132
523,132
525,134
520,131
523,132
520,131
524,135
520,131
524,135
520,131
509,134
524,135
520,131
142,131
369,131
520,131
369,131
142,131
523,137
523,131
525,134
524,135
369,131
369,131
527,131
525,134
527,131
525,134
509,134
528,135
509,134
529,131
530,138
530,138
530,138
527,131
527,131
531,138
369,131
369,131
532,131
142,131
369,131
111,131
369,131
533,131
531,138
535,131
533,131
535,131
229,131
369,131
535,131
536,138
88,131
531,138
537,138
537,138
88,131
369,131
535,131
537,138
88,131
537,138
88,131
535,131
535,131
369,131
535,131
534,131
524,138
534,131
537,138
538,138
537,137
539,138
537,137
142,137
537,137
537,137
540,137
142,137
537,131
537,137
542,138
543,138
537,137
537,137
542,138
537,137
537,137
542,138
537,131
537,137
537,137
524,138
537,137
537,137
537,137
537,137
544,137
537,137
537,137
111,137
537,137
540,137
142,137
517,137
537,137
534,137
534,137
96,137
540,137
96,137
545,137
546,137
96,137
545,137
545,137
540,137
545,137
545,137
545,137
545,137
540,137
547,137
540,137
547,137
545,137
545,137
545,137
545,137
545,137
548,137
540,137
545,137
545,137
550,137
111,137
545,137
545,137
545,137
550,137
550,137
551,137
548,137
548,137
550,137
111,137
548,137
552,137
550,137
550,137
554,139
554,139
554,139
554,139
554,139
554,139
554,139
554,139
554,139
554,139
554,139
554,139
552,137
550,137
554,139
554,139
554,139
554,139
554,137
555,137
550,137
554,139
554,137
554,137
554,137
554,137
554,137
554,137
556,137
556,137
555,137
555,137
550,137
550,137
556,137
554,137
554,137
554,137
554,137
557,137
557,137
557,137
557,137
550,137
554,139
554,137
554,137
554,137
554,137
554,137
554,137
554,137
554,137
554,137
554,137
554,137
554,137
554,139
554,139
547,140
554,139
547,140
554,139
554,139
554,139
554,139
554,139
111,140
554,139
558,141
558,142
554,139
558,141
558,142
547,140
554,139
554,139
558,141
554,139
554,139
554,139
111,140
558,141
558,141
554,139
558,141
561,143
558,144
558,141
563,139
547,140
558,141
558,141
558,144
547,140
564,144
565,141
547,145
566,146
547,147
547,147
567,144
547,147
547,147
547,147
377,147
547,147
547,147
547,147
568,144
547,145
547,147
547,147
569,147
547,147
547,147
377,147
547,147
547,147
377,147
547,147
547,147
547,147
571,144
547,147
377,147
547,147
547,147
547,147
547,147
377,147
547,147
547,147
547,147
547,147
547,147
574,147
547,147
575,147
575,147
547,147
547,147
547,147
547,147
547,147
576,147
547,147
547,147
547,147
577,147
547,148
547,147
547,147
578,150
547,148
547,147
547,147
547,147
547,147
547,147
547,147
570,144
580,148
580,148
580,148
547,148
547,148
581,147
547,148
547,148
547,148
547,148
547,148
547,148
547,148
582,148
582,148
547,148
547,148
547,148
547,148
584,144
547,148
578,150
547,148
585,144
587,148
547,148
547,148
570,144
570,144
588,151
570,144
588,151
589,144
589,151
570,144
570,144
589,151
570,144
589,151
